,r1,r2,a1,a2
0,0.360798995037,-3.13835650987,0.773467792436,2.01506361896
1,1.56637954978,0.377001400809,-3.32219404108,0.333142619383
2,1.78697708718,1.71371088945,-2.58638359413,1.08335786658
3,-0.341916317229,0.413314060969,-2.11318586655,0.473875922482
4,-1.06302813426,0.0367242989944,-3.58304032506,-0.399140851947
5,-1.8630349863,1.31980765894,0.0669498160411,2.66569313352
6,0.0987489295537,-0.836136237847,-1.44755137913,2.30642311331
7,1.77989049546,-1.99023194636,-3.9240768742,-0.175936034221
8,-2.4592135694,-2.65247948752,-1.74855220575,0.439706253186
9,2.38785010991,-0.71865661384,-2.14540223475,0.602788651982
10,2.13458221069,-1.54863363332,-0.846355629307,2.52658774899
11,-0.210059231437,2.30627921534,-1.16511141957,2.30060668141
12,2.75343544762,0.89955931927,-0.37562634304,2.23825849157
13,-2.12623639753,-0.0540920585645,-3.15293490524,0.259677972544
14,2.2105920653,0.58956699045,-3.18457558307,0.429129953462
15,-0.890005841812,1.71632431713,-2.23277460174,1.18615857459
16,0.0924106680838,0.876140922408,-1.91152637151,0.830636149798
17,0.291562465467,-2.4099053324,-0.873765371632,3.32629969962
18,-0.486478649107,1.52487280541,1.67354324481,-0.354703983425
19,0.87005876002,-0.46667283356,-1.8748606565,2.51658237707
20,-2.38096466541,0.256991362879,-1.11326365232,2.02815621615
21,-1.88131901957,0.743639000183,-2.62925004018,-0.302913405518
22,-0.627737798809,-0.138805886536,-2.07977869271,1.49281916525
23,0.324421918701,0.8269454512,-0.546840528436,1.53552675759
24,-2.32063726869,-0.581030162393,-1.44726693161,1.31963871794
25,-0.0939513051613,-0.275994506346,-2.08247343083,0.479880242053
26,-1.27943334448,1.29142771271,-1.7357164071,3.0027239842
27,1.01003689435,0.023055650505,-2.90017003455,-0.34604332659
28,0.0393163373497,-0.273957704433,-0.295175581299,2.15321480915
29,-0.418913822515,-2.09638439884,-1.78937228131,2.36577382383
30,3.05875766794,-1.06762263048,0.0274910125378,0.687544677265
31,1.2710718027,0.980260962814,-0.490339258769,2.11154237954
32,-0.226236152206,0.415921519159,-0.526704034157,2.04863561401
33,-0.740593195211,-0.305551642838,0.600195112197,2.89916764727
34,-3.07352141768,-0.378837844359,-2.58243392475,1.94721238179
35,0.236276050022,-2.27219490156,-2.62538058827,0.492462478613
36,-1.22783746971,0.861937378917,0.260745080103,0.299850696042
37,-0.531498964612,0.408765883818,-1.29742214921,3.01708148436
38,-3.3400268725,-2.18955373725,-0.32036952339,1.90868411477
39,0.273427899517,-2.56044695459,-2.86987817363,0.0778932091838
40,-1.76284822454,0.5698591419,-0.00480080155063,1.32918787716
41,-2.31139543713,0.536353220194,-2.24150404215,1.57529005338
42,-1.02440598815,-1.85297326899,-1.98007122298,0.381013039747
43,-0.362230357875,-0.58964939337,-0.351855523756,-0.530632954176
44,1.71126786419,2.22156840339,-3.21960802902,1.1274893299
45,-1.59140309242,0.829042555582,-1.8582662415,0.241479077987
46,-2.47800850873,-0.396240733598,0.57490100727,0.979086029822
47,1.90129998122,1.22126815829,-1.44884027437,-1.22959710957
48,-3.02067324708,-0.0564600116471,-1.05468515108,2.39070082628
49,-0.74347703249,-3.05920454994,-2.41976791991,0.882307521391
50,0.0735101336936,0.682039088085,-2.48873503841,-0.378309715553
51,-2.95267962809,-0.269763287092,-0.706936797928,2.64560152373
52,-1.82635247494,-1.39855590412,-2.18437497118,2.18193358637
53,-1.86087671046,-1.55896079013,-0.665198426272,4.1379890942
54,-1.00252589783,-3.43851415623,-0.686139659896,-0.4180112526
55,1.0361290499,2.14880050534,-0.282826918232,2.67483880659
56,0.191620388156,-0.740817919439,-1.7515641512,0.491558327941
57,-0.840515214778,-0.334182152659,2.02351633916,0.582222471849
58,-3.61342096885,0.017011097966,-3.19248241965,0.689734217413
59,0.0473529379353,1.28509406312,-1.95759552786,2.53127488164
60,1.91497357578,2.27545361834,-2.82838102402,-0.123593776801
61,-1.81307479412,0.669983963618,-2.58829147822,0.989796069438
62,-0.702230797532,-1.90116467594,-2.53159603109,-0.242440404268
63,1.50964143793,-1.74892958502,0.546467491858,2.53201560889
64,2.50178545133,2.33506598847,0.452270413564,1.99696193749
65,2.23156078396,2.16243064509,-3.62216462273,-0.658149727536
66,0.748907672873,0.248616782111,-2.49962745094,1.16796559418
67,-0.736734497454,1.06501089283,-2.55510029452,1.88405572639
68,3.19314677147,-0.492296295199,-3.33015235442,0.748024280666
69,0.0856338073086,-0.570988166298,-1.94202647124,0.922302762315
70,-0.805289535556,-0.960153448207,-1.7127483297,2.06358607702
71,0.18772254493,0.604855852081,0.434008508587,0.1870775991
72,0.24207748115,0.978117425367,-3.18487236948,0.46962889475
73,1.92411677631,2.70563559579,-3.95982907467,0.788923690144
74,-0.943191448157,0.398438996143,-3.79360311036,-0.827512209441
75,3.26097126139,-0.982053776605,-0.710981886292,1.69629178164
76,-0.61758222986,2.9289294792,-0.328142433323,1.56873509872
77,-3.33205865185,-0.658486879728,-2.45936354666,1.68300141644
78,1.00348746416,0.0626112615788,-0.60601259009,2.78967700261
79,2.07476464259,-1.48688168236,-2.00261653398,0.19251738704
80,1.6210283301,0.228302225282,-2.88152250294,1.75398761005
81,-0.199027907253,0.897775470829,-1.89666024046,0.85275654112
82,-3.37461346576,-0.511171475751,-2.64701695264,1.3530451753
83,-1.7233938564,0.142241714843,-3.0436636459,0.539055897592
84,0.217334201708,1.5167061504,-2.57272713598,-0.440520886943
85,-1.1899014879,-0.726260793138,-3.63882095325,0.0772381140766
86,-0.356185475076,-1.26286574887,-2.32941356198,1.58686195591
87,-0.0371537195409,-0.354525249781,-0.0351006215869,2.61651328585
88,-0.182811208574,0.995694746746,-2.9335219686,1.31256993784
89,1.88402355051,0.374498891629,-2.40629746204,-0.504245502971
90,-2.17636324695,-1.73044833512,-0.933710555266,-0.819541527112
91,2.5498092207,1.03378761037,-0.732855596456,1.66083104676
92,-3.35790296683,-0.738268305455,-0.654068276624,1.68010430457
93,-1.02152720967,-0.413086533094,-1.82184146478,1.75605344818
94,1.60938915732,-1.91768229504,-0.938451011967,2.47161590904
95,1.3600156656,0.823960717375,-1.25230709877,1.90252260438
96,-1.19777098926,1.2261362507,-2.04721462863,0.701889838532
97,1.42601585655,1.72431752082,-2.88318658837,0.452347285406
98,-1.02180167669,0.497228909225,-1.25525910452,3.17834644629
99,-1.41045272607,0.34929190513,-0.615696685727,2.40339714401
100,-2.46374713843,-0.100853860256,0.830547503662,1.32523358615
101,-0.0896754469267,0.588715345417,-2.22948916031,0.928066103588
102,0.645483519428,-0.61999458141,-2.44883112185,0.839195898382
103,-2.05278172383,0.892226329453,-2.40722346471,0.277127772972
104,1.52981745211,-1.6475698872,-1.39835290032,3.45750506525
105,-1.93634732689,1.09682130887,-1.41096796062,1.40632951168
106,3.27669593962,-0.97283595465,-2.775380452,0.770261223085
107,-0.850363986969,0.454851606957,-1.98348278975,1.71984832826
108,-0.736428454913,1.351919227,-3.06400548878,0.506052926733
109,-0.944860470703,-0.533577951773,-1.0459144256,2.72972134802
110,-0.435109289662,-0.751377566501,-3.127835021,-1.43842350992
111,0.568416810619,-0.267792556141,-2.9775305304,0.411479355064
112,-0.276531665219,-1.7254547401,-1.56087680065,2.72723235556
113,2.90401131867,-1.29584311721,-1.58145792621,1.21712121507
114,0.719972999254,2.26390715113,-1.04479730023,2.31743704785
115,3.49765879733,-0.781317549317,0.245698260947,2.26184514975
116,0.339567152077,3.51717818035,-1.03876790711,1.66437447265
117,0.846484495671,-2.67234297208,-2.57600258338,-0.254339822418
118,-1.38905149422,0.750336862067,-1.72818593591,-0.114347757244
119,-0.136446813364,-0.523282831292,-2.06084943557,0.828329948287
120,1.59377481201,-1.91384232802,-2.74225221301,0.383863229455
121,2.39389470402,-1.60205633494,-0.329433142978,2.56377850012
122,-0.388236119483,-2.36011247726,-0.441056358421,2.25370551823
123,0.0921517934955,2.33954575623,-0.872358039297,2.57756305039
124,-0.742015051113,0.885493148189,1.1145949192,1.41990273506
125,-0.49659789893,0.802602244659,-1.69342953181,1.24465890438
126,0.593983550393,1.41035728069,-0.670714345245,1.82981714446
127,2.40984794385,-1.210078259,0.019616314731,1.71236949817
128,-1.32527219986,0.0544530909549,-2.53255800934,0.255346253185
129,0.0386966743388,1.20790269869,-1.2119376393,1.36897716783
130,1.7227152619,1.08272687413,-2.7131547368,-0.06069053096
131,-2.46226144808,0.209907445659,0.583061419784,1.75320049051
132,0.253126204863,0.298158188327,-2.95299434944,1.4217926885
133,-1.09077929829,0.178682297211,-1.61769479854,0.658764063306
134,1.53009925989,-2.21522789037,-3.07259527294,-0.748530957649
135,-0.463837256727,1.31032572098,-2.78834473159,0.903449113762
136,-0.358288833897,0.0478683057234,-2.74100786074,0.654156699074
137,-1.57137338051,0.324589789008,-1.45891915706,1.20089536361
138,0.73283633331,-2.48323472536,-3.3700012099,0.597895287821
139,-1.70310962277,-1.71789019257,-2.27644335378,0.746398877449
140,-0.0896881508782,0.457965822947,-1.29375142987,2.73129698756
141,-1.5744759666,-0.470574364436,-1.1507495654,1.63545695958
142,0.112929427941,1.43369664675,-0.918454923691,2.71817907361
143,0.949856375491,1.257882266,-0.659151207107,1.54480988479
144,1.05378027889,1.04807072787,-0.756831554569,1.21811231927
145,0.538961552203,-2.82334975163,-0.651358867311,-1.9484664658
146,-0.288526548557,-2.07746962351,-2.75139737358,0.524479391358
147,0.169430096138,-0.236727378793,-0.988653667488,2.58740564857
148,1.82755184329,-0.511278011888,-0.118682577807,2.40308237075
149,1.39592014793,0.0489040310872,-3.0616239528,0.485585569112
150,-2.34320126566,1.17457369965,-0.311866611482,2.89300049357
151,-0.292399981909,0.237550386977,-1.66557079891,0.137771285249
152,1.10847503024,0.75703468821,-3.03597386811,2.60811147376
153,2.93275583188,-0.739953975075,-2.52044392084,0.196132145048
154,0.860238702175,0.271029780388,-3.20772976043,1.35139976016
155,0.641970962783,1.65269118388,-2.04457514727,0.248294624775
156,0.975789308014,-2.08380167331,0.464066589197,1.76734519316
157,-0.447801558339,2.03317245066,-1.49739962118,3.17386182126
158,0.823745307643,-2.4306948565,-0.310590325976,-0.794854661438
159,2.83487363283,-1.13239799859,-3.80401926305,-0.909161996584
160,-1.65081563369,-0.376375696513,0.838588509214,-0.368987078489
161,-0.799020317369,1.35961066899,1.43475342683,0.482040064436
162,-0.883575072049,3.64255743611,1.5076791559,-0.166535637827
163,-0.433677408148,1.09102803903,1.47683285659,0.836442374315
164,0.368228333001,-1.27980902014,0.888225037302,-2.32247128098
165,-2.34147097118,-1.5129332776,4.07384542404,-0.423706027796
166,-1.79855048007,1.49749549734,-0.154352093826,-1.50287227952
167,1.36551308757,1.57545562699,2.47509025778,0.625439159125
168,-2.02859894877,0.345654121724,-0.610867564569,-2.57640048197
169,0.590316315977,-0.56259959733,2.73309714352,0.152848706101
170,-1.38740471509,-0.249794768329,1.57419364773,-3.73679434984
171,0.73343302489,-0.0442784712049,2.13781370044,0.0381074340732
172,1.78767544144,-2.07564016146,0.789983686689,-2.26872682055
173,-1.092439718,-1.63306833639,-1.50218926355,-1.80192068581
174,-1.78863551941,-0.0921518352418,1.76992821637,-1.78921193643
175,1.42332713088,-0.320532414253,0.639668619626,0.420309797406
176,1.61278734158,-1.90633770328,1.38231480366,-1.75758279451
177,2.75219163098,-0.943249342746,1.43226422309,-1.39948102487
178,2.58512786757,2.90659558469,1.21927610389,0.132958820401
179,-1.69704005387,-3.04023331701,-0.411524153229,-1.50031841418
180,0.475343982078,-2.78909795796,1.57139521034,-0.0443522291081
181,2.01607858988,-1.95317644284,2.28924547193,-1.02639484759
182,-2.66247801301,0.4297026164,-0.575570004549,-1.33866114028
183,0.45910512396,1.38057400957,2.30365031966,-1.10133901781
184,1.14460260525,-0.481988900029,-1.02680356717,-2.10529190713
185,0.932967219531,-2.5863139895,0.603255470209,-3.11416493346
186,1.67718827968,1.45726799892,1.56460104723,-0.72672960457
187,0.669891593353,2.5870544997,2.12187417976,-0.869010986492
188,-0.725129315536,1.76372941658,0.214059507508,-1.29378873756
189,-0.734206508956,-0.212779530709,-0.0180278182489,-3.64150566339
190,2.131172715,1.44149630235,-0.32217862837,-0.624329050303
191,1.52410869915,0.944468685102,-0.319406269611,-3.40722213901
192,0.49803722704,-2.72073628299,0.492508585215,-2.7996817477
193,-2.0397297396,0.889653371554,2.18938271581,0.74624874522
194,0.81345025818,-1.73057615471,0.169155309757,0.552626246426
195,0.510843857016,1.79688794484,-0.731444091195,-1.32497029731
196,-0.00522080501659,-0.436887124394,1.67688824353,-0.0418937508713
197,-2.60614946726,0.419015291637,4.07875589406,-1.32556653368
198,0.126520271635,-1.49083821704,-1.04629204687,-1.80383321463
199,-0.658140383528,0.542262879297,-0.0861676756906,-2.22516422744
200,0.270438450461,0.950402937851,1.85805206565,-0.599172353501
201,2.10127755548,-1.47239746862,0.267545796226,-0.249504965674
202,-0.729431994979,0.545179619424,0.372551411453,-2.8905411783
203,-0.546890179218,0.454776508511,-1.21087421968,-2.31027363218
204,1.46529250803,0.609099403473,-1.19055813478,-1.44144985923
205,1.74936840569,1.30150769872,-0.801709659364,-1.11970263976
206,-1.59347313898,-1.07593275359,1.75663093047,0.754451813413
207,1.3688950291,-1.07656394471,2.25618475146,-0.195503325549
208,-1.59391339685,0.371045409936,0.491073693212,-1.58007466113
209,0.514736139356,0.457960601279,2.15972422148,0.150019070597
210,1.86939238139,1.39374832412,2.89707656035,-2.10201556337
211,0.190396230144,2.39170332774,-1.15879047218,-1.73247802466
212,-1.2534512888,0.56705452728,1.85135404248,-1.94657915747
213,-2.20838496293,0.0140763851675,-0.288761065222,-2.00070749158
214,-1.78991998131,0.909481393686,0.214146650132,-1.37905522132
215,-2.46134936652,0.611158133493,-0.0147254714054,-0.643332901016
216,0.23820037172,-1.6714193565,1.92482167398,-0.788445442829
217,-1.03385990939,-3.40666689777,1.29799154722,1.12073886463
218,3.09312317739,-0.683912214798,1.69882806718,-0.326725007563
219,2.35673125932,-1.27682477984,2.28365185723,-1.43369216107
220,-1.59655883431,1.15205854052,-0.30216299276,0.203202703044
221,-0.267763941586,0.115402784648,0.704467955247,-2.02819078985
222,1.16523544227,-0.676641870821,1.83198879982,-2.73025152157
223,0.210445275522,0.850701530545,0.267538242584,-0.90356336685
224,0.912078603042,-0.71171622628,1.37884964703,-0.453964152489
225,3.04018417848,1.72219345905,0.175195103761,0.804781687685
226,-2.43480614498,-0.27248824735,2.10884582496,-0.421109040884
227,-1.64820157851,-0.607669502222,-1.23589636969,-0.595124023265
228,1.91681967045,-1.90274525169,2.88517861648,0.0482996937229
229,-0.901941606075,1.29556977889,-0.60149369404,-2.50735594212
230,-0.211544263773,1.38881028424,2.7034441859,-0.77830657829
231,1.60307452924,0.0469106961942,1.23681599583,-0.323635006082
232,-1.12269072156,-1.06895193146,0.445384835671,0.84755496088
233,-2.74397363607,0.13623806942,1.475122054,-1.9435822938
234,0.673934142359,2.6903733122,1.90540096866,0.187806181298
235,-0.803399886134,-0.0883978910063,2.49343577133,-1.72674485173
236,-1.37924991339,0.397268210861,0.76814627653,-0.290776117039
237,-1.34457420783,0.893245350318,-0.136902739899,-0.312730830479
238,-0.15604996123,0.423304247203,2.94380512474,-0.220915830437
239,0.294188183118,-3.1781714357,0.846478543329,-1.66301369534
240,-2.13791996756,-3.10388173618,-0.833511896708,-2.15952690275
241,-1.64363001414,-2.42901982987,1.95896000241,-0.314125209465
242,3.19636752294,-1.02459671034,0.849979819694,0.219825008277
243,0.508089647918,0.344897344332,1.45878323227,-3.15849964511
244,1.94020606805,-1.72933196292,2.94315644252,-0.241975436944
245,-2.60120814499,-0.48535720104,-0.000611893808949,-2.21070490126
246,1.09031481851,-1.98376633435,0.3472041725,-0.660689089896
247,0.131764195343,-0.693159573142,-0.4458290361,-2.39100722614
248,-0.158902128061,-2.27467109421,-0.549260449085,-1.21613860307
249,0.980573167147,0.234288372237,0.860859896449,-2.16589752625
250,-1.76224741602,0.16532997717,2.13677979722,-1.48957732943
251,-1.76740101878,-0.222423837666,0.572954395912,-3.48836171661
252,-0.423135583626,0.0688934986448,-1.39653346561,-1.78496680571
253,-0.98117191118,0.6542977925,2.28445013421,-2.34115218287
254,-1.96606001594,-0.730017510982,2.68175958719,-1.03700462645
255,1.04481607424,-0.0684349787328,1.64552030357,0.435459613595
256,2.39921150028,-0.103620060429,2.57962199573,-0.662736659702
257,1.75763711611,-0.364636541907,-0.128012633192,-1.14969593033
258,0.11889694525,-1.32744630754,0.954449877855,-0.837534428752
259,1.27073354513,0.259365575518,3.26649614341,-0.0221204560243
260,2.62662554628,-1.51064959712,2.08365909286,0.0244871156822
261,2.88336290374,-0.188034657669,0.183268762798,-0.46929452105
262,-0.110966004148,-0.0450031564407,0.261642942058,-1.65370606676
263,1.19301418226,1.78675822291,2.24641845893,1.27437360134
264,1.90615272994,-1.99163609548,0.900503547602,-1.31997583735
265,0.802654812149,1.501063873,1.25408525827,1.03755563684
266,-1.74383864673,0.25060610465,2.60547035045,0.269217914062
267,1.25218207637,0.530951370209,0.294656567433,-2.04381696067
268,-4.09370098652,-0.810744680165,0.172768649374,0.254982728388
269,0.301271059568,-3.23393272122,-0.147809938052,-1.45511670071
270,0.824345386259,2.4940172915,2.70969469308,-1.60607132891
271,1.26659163195,1.10211035638,0.544577708577,-3.38579079196
272,2.75056151445,-1.18678068805,1.94443543563,-0.694970702117
273,0.750895387116,-1.18451624834,0.145880460771,0.424832905328
274,1.6704163753,2.35003074931,2.25856368709,0.191697818443
275,1.82720244005,0.721679954855,2.06004701,-1.00465776963
276,0.408287491707,0.655219621623,2.69176832163,-0.583588563014
277,-0.738663902081,0.131978427398,2.50244627004,0.440648621871
278,-1.2491077804,-2.51021138765,2.51813487566,-0.582023903425
279,0.344909594901,0.42029525387,-0.0649890160837,1.1251443427
280,1.28512602863,3.26520575097,2.40689808999,-0.246509438293
281,0.309181153843,0.476484436056,1.21657744037,1.49103059833
282,0.459158353153,-0.143846838851,1.37750001924,-1.29652440034
283,0.702981576396,0.643730466786,-0.780598195249,-1.10115769725
284,0.531038550851,-0.0285878692686,1.50796971571,-1.84023657174
285,-0.663381348931,0.173485303554,0.901559064981,-0.0835246436508
286,-0.428561784882,0.297643645158,-1.52909529377,-2.66847260448
287,1.59822317538,0.271766479631,0.781655636901,1.01193348214
288,1.42509133521,0.333706791154,1.54755623701,0.952151099831
289,-0.916892370759,0.670458308326,2.23388504093,0.28470655169
290,0.980288111952,3.54370937809,3.63513154935,-0.527508819068
291,1.59517919073,1.57825389678,1.82210986966,0.748159616825
292,2.44703224683,-0.843072963958,1.66792121528,0.539294191783
293,-1.18469845819,2.07766009005,1.23506541178,0.0914420672614
294,-0.138844769471,0.996987394652,2.62375867123,-0.230604975202
295,1.10904896976,3.05925198826,-1.25192539093,-2.38697757214
296,0.447121609717,0.352354345406,1.81222868709,-0.655019938797
297,1.92053629772,0.289997291838,-0.563432286644,-2.55266086392
298,1.14187753848,2.0434709436,2.27094608412,-0.843534743667
299,2.43372958418,-1.31720828309,-1.00823406067,-1.81648303199
300,0.172487142537,-1.83486041209,1.84128866009,0.605716237996
301,-0.832571903706,0.992813561677,1.93204697205,0.818396384945
302,0.400829118734,2.14361516631,3.37382758071,-0.117298441569
303,2.75065362883,0.815772527774,0.519626340993,-1.56894447506
304,-0.20241094261,-1.61353775322,-1.25719800629,-1.865107966
305,-2.07076692325,-1.26503910857,0.779687626616,-1.10383062701
306,-1.81221816922,1.28440376647,0.715957420365,-0.131884414386
307,-2.68410040879,-0.19139478331,-0.393654885696,-0.383120634771
308,-0.478360130988,0.796586170729,2.51437538355,-0.656420858338
309,0.240787949377,-0.0447204753254,1.4250814573,-0.630997915884
310,1.04450424754,-0.0128790217508,2.14415712781,0.341835968182
311,-1.68434412091,0.478386428301,-0.563983287261,-0.979816041017
312,1.62918461122,-1.73780139941,2.20933173139,0.19701332238
313,-1.18317167826,1.00721674511,2.05545163862,1.45886226452
314,1.90170374396,2.55799776113,0.881287634713,-2.93004827411
315,-2.34738481483,-0.50789148943,0.885157390696,-1.21136721921
316,2.34098490246,-1.56182892044,0.87169184207,0.622158428474
317,0.118523905761,-0.972758378543,0.208676119161,-2.13500166715
318,-0.459079601177,-0.947849550902,2.49841339481,0.54140960474
319,0.994783993855,-1.38367332479,2.72377584067,0.62681275553
320,-0.801676552325,-0.823312239401,2.64843105293,0.291936426452
321,-0.194280782226,-3.40537686528,-0.905624989955,-2.0112131337
322,1.20096710343,3.83873583327,2.58805723997,0.0368448213634
323,-3.07327069345,-0.314033068899,0.502808518072,-1.73420250891
324,-1.18283380828,-0.249156844907,-0.751477633927,-1.93123209519
325,0.772789275951,1.90176426053,-1.06894145553,-1.80342877249
326,0.986116948488,1.21496219958,1.41663881782,0.687297914964
327,-0.10252684579,-1.78628970073,1.57831889324,0.330905446929
328,-1.77660239691,-0.272204704304,1.39073841966,-1.29069800781
329,0.467746057349,-3.21234060761,0.196807621051,-3.05975312718
330,1.76335890491,1.59056159472,0.503634889822,-1.7102224719
331,-0.433585061938,0.177825723401,0.943316947731,-2.43386388762
332,-1.31354887767,-0.411515474676,2.97799626312,0.350146134019
333,-1.01426701834,1.33439852828,2.20008141797,-0.186654755744
334,0.504681459822,0.342455812805,-0.628462124715,-1.48264842913
335,0.37636321483,-2.47103797769,3.28507834176,-0.150616614508
336,-1.09218937751,0.816930031031,0.371149271552,-2.79570568296
337,0.148099018922,0.656760234056,1.16299907953,1.05593601473
338,-0.219867063614,1.81463231188,-0.1060141261,-0.530849787039
339,-0.00921322864583,0.768936152239,-0.3643525745,-0.847981225599
340,-0.711902375049,-2.4980044248,-0.456264063421,-0.724120515375
341,-3.56524799482,-0.0408873783899,0.311835474819,-0.792257259277
342,0.741510464309,0.0574620026518,-0.153627269846,-1.93604006578
343,0.825400236692,-1.70401288174,2.73520737858,0.137900346393
344,1.35248223637,-0.297359514672,-0.567330982405,-2.00136209068
345,0.369340304985,2.31708233365,-0.332053240396,-1.69330764282
346,-1.17860147273,-2.91965842736,-0.625103447113,-2.44521565614
347,-0.0324305682947,-1.45050459768,0.58109391326,-1.93302698422
348,0.695052641285,3.72879039636,1.47420603708,-0.351577707458
349,0.10730708626,-2.66533956103,0.694025929948,-2.2499761111
350,0.99619083428,-2.40652900139,1.51932908412,-1.46760805293
351,-0.352239281044,-1.39280239704,1.24188510335,-1.78245528334
352,1.26266391593,1.93880172593,0.600899017915,-2.14234538712
353,1.19304177817,-1.38695563613,1.01531489975,2.47873731569
354,-0.13758369491,1.03226705509,1.80523765251,1.07727011475
355,0.112122424985,0.551544468593,-1.2964020486,-3.41338838761
356,-1.31656788984,0.00295235315812,0.280559227496,0.300148425938
357,-0.391167153802,0.858960588606,2.16039447748,-0.0176968137397
358,1.4684476846,3.19315999401,0.498127925307,-0.398917115611
359,-0.777550997149,0.308418425752,1.27044768385,0.95032216071
360,1.98330927349,-1.92434812953,0.168674346144,0.490458384403
361,2.023379438,0.516284553688,0.64430312893,-2.41173052864
362,0.186508367866,0.0173890963405,3.47392443395,-0.452883643387
363,-0.67391847752,-3.5396268961,0.932844506641,0.453278592143
364,0.597851580754,1.98142252284,0.220977160575,0.184861231106
365,-0.46544845235,3.63574913126,2.50219119035,0.290070769483
366,-1.41661994635,-0.238873251642,-1.57851685015,-1.29134946935
367,1.57394836024,0.936590311262,3.19078141516,-0.651991957983
368,0.224669599705,2.38298566576,0.654821694642,0.811014030855
369,1.21234469117,0.571827940298,1.54063460959,-1.41017413877
370,-2.65576098426,-0.440432143073,2.79294974206,-0.0860419587654
371,1.4080182066,0.579717714766,0.462478261518,-0.371223096282
372,1.92015470128,0.612504591864,0.810928895487,-1.23546741278
373,2.02707618714,2.33505703156,-1.50877927192,-2.09856207839
374,3.18455704296,1.60295158946,-0.138145630573,1.78871992649
375,-0.188294137401,-2.15616503268,-0.824885973738,-0.282424902893
376,-2.34264835334,1.28028433531,-0.832698434075,-0.288465201367
377,-1.39860944439,0.269773301417,-0.238818509137,-0.949439521859
378,0.285194908833,-2.29364463399,-3.12990420573,-1.39246992923
379,1.9656364972,-1.62281456955,-2.16314569031,0.268256138396
380,0.944450095783,1.81418956713,-1.89490107194,0.122579379656
381,1.7846158377,-0.627181285787,1.94831422746,0.910171506532
382,-2.11984453611,0.160954887964,0.538757837362,-2.77768395579
383,-1.07897210325,-0.159196252146,2.17969603801,0.554287136309
384,1.29943913357,1.96216302261,2.53204772105,-0.299578488432
385,0.247321820515,2.70797785291,2.36995013795,-1.14920911965
386,-0.160437938918,-0.395255722464,0.449540109839,0.591335217024
387,0.211777310375,-3.13248652767,-0.367788820937,1.38394903078
388,-0.986906351212,0.687413341551,0.480795401644,2.25724894842
389,-2.47288614306,1.43742430774,-1.3050188062,0.494948145671
390,-2.90136415471,0.576539226797,1.36438346,1.81269764754
391,0.599802060644,-1.54783716897,0.423199955953,2.14374973626
392,-3.22692933791,-1.30165327446,0.0691092131541,0.937762870738
393,0.538961199362,-1.75639019985,-0.33882656839,1.06734510295
394,0.60057384407,0.598572377763,-1.07148606763,0.114420089812
395,0.798413508622,0.500625167801,-2.24174862088,-0.890105996286
396,1.75265307342,-1.90665133904,1.18513934995,2.72767417981
397,-0.990845948157,-0.625415632024,0.386527221112,1.9963170974
398,-0.610083262706,-2.17350221022,0.654605611735,0.591205179223
399,1.07689016159,1.04647704612,-0.727255884369,1.91104240115
400,-2.94787363971,-0.400589714854,-0.0372601203571,0.597819927302
401,1.73594895502,-1.20189145137,0.295474823501,2.31331702245
402,-1.67500116178,0.358598872323,-0.191737525076,-1.31282498754
403,-1.68031698876,0.00698531290474,1.37649456347,0.666272499458
404,0.00399090074388,-1.76759959336,-1.65199641325,-0.234657580957
405,2.76003327978,-1.15237194242,-2.08416042273,-0.221294972742
406,-1.87101565774,0.460678797905,-1.00352961356,0.655542651987
407,0.31594802018,-1.031711977,1.518867622,0.910703076906
408,-0.818606041467,1.07974157483,-1.04405084452,0.209723203808
409,2.34238418727,-1.77405913705,-0.0695949637162,-2.70066107108
410,-0.349463868639,1.02596694249,1.35974463667,1.57887381414
411,-1.33949210747,1.84956445093,1.00152943138,1.25225413578
412,2.20469258661,-1.15169282572,-2.50481138988,-1.37487673495
413,-2.19317828178,0.0758231408807,1.33576081481,0.416570170718
414,3.40752424954,-0.931892808714,-0.621099287005,-2.02880853299
415,0.790303158705,0.987024915974,2.89078931616,-0.159458409088
416,0.311952192951,-0.0120005073008,-0.826586897793,0.861891582622
417,-1.17441087564,0.225766541707,2.13024208883,0.864839619027
418,1.85056392524,2.96568268572,0.0861800413441,-0.982645107904
419,-0.445052105269,1.97859877222,-0.313862587429,0.151011787944
420,-1.12134607263,-0.598272618287,-0.292028205878,2.04885881926
421,0.421404907231,-2.85979788115,0.704290040394,2.11203031262
422,-0.631832270456,-0.312618989985,2.68685927892,0.636170156354
423,2.62095318145,0.201027016448,-1.87369315291,-0.810774600396
424,-1.82540509861,-0.51694900568,1.10307437765,1.75323771467
425,-0.716280099847,-2.85102014054,0.958821469845,0.459192123679
426,-2.30684717324,0.787821201921,-1.091549674,0.181174475174
427,-1.10985449271,0.451325557077,1.40686842282,1.52285704122
428,0.129800129893,-0.272997299422,2.46227805694,0.221974510856
429,-0.226064745647,0.977263608397,0.703934450686,0.898852693316
430,3.64804020434,-0.440788796548,-0.355761677662,-0.53718418644
431,-0.0151257876056,-2.47412088055,1.5103528944,1.12015905228
432,-1.93558214454,0.730235446367,2.65596871614,0.322382444263
433,0.70276770112,-1.50559787248,0.0758998770831,-0.672980060208
434,1.30682162446,0.0573222002683,0.378106872019,1.81845716034
435,-2.2071230071,0.0102800645262,0.242101522425,1.21562381753
436,-0.550743618907,-0.714366423837,1.02073352524,0.988251336973
437,0.281375240528,0.365130870139,-0.830251314853,0.572423890314
438,-0.100888876641,-0.228200459099,-1.53324173139,-1.03805556756
439,0.975668696057,-2.20244070096,0.993472849812,0.130192293043
440,-2.19369876472,-1.76851357089,-1.85793549599,-0.385218377468
441,1.27304458459,0.124682183237,-1.10924745925,0.223617309311
442,-1.29827458208,0.555020358329,-0.0718010204017,-2.61086641306
443,-1.33720977905,-2.60006953913,2.34989844909,-1.49542998572
444,0.427221606819,-2.91110001989,1.58885718103,0.348231122349
445,-1.57630189822,2.20915572521,-0.37441779502,0.619770063058
446,0.0307453875829,1.2735194055,1.17324650749,-0.908827573482
447,-3.02578156396,-0.0431228094474,-1.21792695377,1.49038453925
448,-0.629189525436,-0.329596202778,0.322507453353,-0.886928226274
449,1.33901213945,-1.37156075392,-0.869937014814,-0.136374040966
450,0.164400796764,-0.282771019514,-1.84987531209,-0.598224389076
451,1.31917353559,2.27778154742,1.87925283202,0.667468785631
452,0.543720733582,2.06517834167,-0.586482446776,-0.490457011536
453,1.50168065931,-0.00242654128058,1.87775335712,-0.107243702458
454,2.91313240164,2.11112815153,-0.45136877184,-1.71053927226
455,-0.520371631765,0.513138528774,0.846692770521,1.53340099784
456,-2.85941298069,0.126256147494,-1.22420737933,-0.505613433993
457,-0.131915602781,-0.674277607724,1.82897464743,0.843749205503
458,0.762155957507,0.566783755754,0.819846516955,-0.595628620421
459,0.56728576314,-0.632231740653,0.0175024856277,-0.30150057511
460,-1.11742990085,1.21069999645,-1.40951329623,1.31927506518
461,1.46490511297,-1.62588409284,0.181719771686,-1.35997200525
462,-0.443209957219,-0.107483726784,-0.698394145986,-0.161170195997
463,1.6518299355,-1.67306251624,-1.33714242712,0.472014319599
464,-0.504840158131,1.63289627378,-1.03739918545,0.412925777945
465,-1.28601411397,0.514787283118,-0.746556827032,-1.2444753242
466,-0.165418453891,0.16781124534,2.78312388868,-0.121219942573
467,-1.01234346437,0.0706693479699,0.202289655088,2.39511558839
468,1.02462115571,-0.00354443196601,-1.75328431645,-0.861032598138
469,0.341236982654,0.228115235769,-1.22963548366,-1.72498290663
470,-0.949968305127,-0.223062636981,-1.82702853358,-0.238269089816
471,-0.930370768898,0.0383611057966,1.61339563434,2.62140518938
472,-1.40719354624,-2.81951426354,2.00188836702,-1.76325673806
473,1.14418407831,0.288689615159,-2.4376693635,-1.1814729552
474,0.168039900076,-0.224154779724,-0.875955262956,-2.0157227563
475,-3.6358059049,-1.1506586945,0.843273602055,1.78514785582
476,0.0572116563066,0.868303815767,-1.57671508697,0.234418396731
477,0.158242790656,1.47864311854,-1.39427196502,-0.267059772638
478,-1.18035629984,-0.781362780131,2.37591251637,0.496873389092
479,-1.10334384039,0.68308244683,-0.75329212161,-0.858312092311
480,-2.24440416177,-0.444680515934,0.52590450188,0.367310880688
481,-1.41919531035,-1.23823720868,2.26763333641,0.184221917485
482,1.20941120635,1.35339594899,0.0381322559437,1.30363208268
483,0.455061226648,-0.972673427908,2.51067037406,-0.0333700835532
484,-0.357974870128,0.457347824639,-0.949342339411,-2.4348474528
485,2.36472486518,0.296259241111,1.32672689814,-1.25035880879
486,-1.81148381398,-0.0958767588583,2.12579499167,0.233738601759
487,-2.10931611647,-1.47991241216,1.35401159648,0.768948472906
488,-1.22644772488,1.75439190303,-1.11552933941,0.629104938426
489,-0.62757506592,-0.243429302128,-1.30698484503,0.0270916395156
490,1.59974107118,-1.46794466118,1.47212646772,0.607726767533
491,-0.574164583101,-2.26295981319,0.110338441422,0.850628951429
492,-1.24041034505,1.25943745725,2.72907462073,-0.0906079873625
493,-0.622147712398,0.181890328768,1.91657468847,0.193503453489
494,2.60164210971,0.321378066262,-0.176189832312,-3.58622364103
495,1.65588212414,-1.50956280841,0.204477084703,-0.715056457261
496,0.767029574184,-2.43178861095,2.17635356892,0.0941905566123
497,-1.00733084764,-0.554882429869,2.37969487636,-0.158328824488
498,1.56631264501,-1.99795421891,0.390393125382,2.32059844852
499,-0.421680125452,-0.853264363829,-0.364344469268,-2.62827207746
500,-1.72098120978,-0.0837485133741,1.81928380139,1.04085522475
501,1.56152987691,-0.457060546186,-2.30894586758,0.0953056869822
502,2.63978568064,-1.3411064737,0.467825150362,1.31779379426
503,1.69197099815,2.05154100446,2.72206160592,0.187365488237
504,1.27159963233,-0.798259018218,-1.73024652548,-0.111580657902
505,0.145324222483,-0.793150898594,-1.86618656988,0.292618894388
506,0.698461460111,-2.80170785241,0.550954333138,-0.195610941585
507,-0.219581491458,2.26426537112,-2.10987393759,-0.910152730767
508,0.304361533,0.164835230937,-0.756713310681,0.888118065461
509,-1.18362499872,0.354404599802,-1.81166725115,-1.49623317078
510,-1.72838769906,0.547797526155,1.03822550397,-0.628978566698
511,1.47385590245,-2.59286741055,-0.448216095966,-2.29073231336
512,-0.144673749634,1.72943236446,1.95725300863,0.606448057944
513,0.667093376414,0.329510427838,-1.63174574695,-2.17771839025
514,-1.23254890506,1.82312536165,0.191384110739,1.46454374691
515,0.149146234706,0.711151504574,1.69274961958,0.0192744155771
516,2.81062971036,1.24941856875,0.244384393489,-1.34270478368
517,-0.260820624355,1.31264980275,1.35910561618,1.8662721394
518,0.133440021892,0.516822491017,-1.22360335688,-1.48355186767
519,0.0847668259299,-3.00195688121,0.124579425805,1.58538405129
520,-1.75118753343,1.4888119534,1.84066293745,-1.4966317677
521,1.21055811244,-0.431135828668,-0.674032654436,-0.931589996638
522,-1.03518127739,0.251837604132,-0.288625836177,0.0451563217438
523,-1.93220635296,0.0149472895915,0.249502642514,-1.57006988915
524,1.78431336738,2.70272043867,1.25771680763,0.494427749235
525,1.53506944598,-1.84859843299,0.353258336666,1.22885343761
526,-0.97641506384,1.00931854756,1.53014023785,0.959557616828
527,2.62707931803,1.40181586308,3.28564730341,-0.629532287858
528,2.09905426085,0.321824967561,1.72587457231,0.0446481243683
529,-0.77969735198,0.613999976561,-0.156410948959,0.209854891392
530,-0.946408184784,0.232875958875,-0.204083880037,0.0617772990434
531,-2.48217621013,-0.0989478516883,-0.718133344732,1.55086836244
532,-0.934204877918,0.75346131993,-1.15613674194,0.619923369857
533,0.299641789437,0.828456109837,0.0070670766091,-1.18174717047
534,1.13458795488,-0.0897574968738,-1.1663466948,0.729478165643
535,-0.174760706965,0.447173785471,1.05896263124,1.08980576964
536,0.568478506074,-2.68666085221,0.411152011945,0.702399077346
537,-3.03825692656,0.338588595266,0.275649090005,0.882919439488
538,-0.640758856447,2.22582091715,-0.403061756415,0.776009799576
539,-1.31718115029,0.75217338418,-1.32673068312,-1.47875321283
540,-0.655704122528,-0.326339598526,1.71978237025,1.10689052879
541,2.03672686553,-1.51368575168,0.0159890002635,1.70198058492
542,0.779139006519,2.99293853143,0.618967713635,-1.89464417336
543,-0.266778209237,1.47022647386,1.34681755404,-2.70616122444
544,1.29653433529,1.99136685607,1.26596861492,0.348721440983
545,-0.761646152404,1.18497499475,2.84550609332,-0.174376382158
546,1.95184932324,1.67866546098,2.06029139008,-0.459835563685
547,-1.78379585273,1.64343721625,3.65020898932,-0.767794454896
548,-1.32302667273,-0.548869085424,-0.0922555297475,-1.64827733231
549,1.51690541643,-2.3181895398,0.822718183105,1.7349579632
550,-2.23385254385,-1.16614145313,1.06099090622,1.7314927414
551,-3.22739184442,-1.09437270438,2.15389985545,1.42444639407
552,0.204940646664,-2.95522229273,-1.36039401895,-1.49153887581
553,2.07018134314,0.0331019471196,0.110291897218,1.54105553917
554,-0.95104255971,-0.301647545316,-0.486499775084,-1.25643401723
555,1.76135719878,-1.38021880264,0.958682784663,-1.01713821795
556,-3.32011526737,0.328200169891,-2.299045609,-1.2266264738
557,-2.96620069266,-0.892352315185,-0.239866964301,-2.33327355562
558,-0.542766820055,0.248526264998,-0.574500486393,-2.17886568114
559,0.934472858716,-0.31377632592,1.7924782448,0.352233503233
560,1.64692788287,-2.12071598231,0.143142236016,1.07842924087
561,1.21553334552,0.318980985643,-1.51592213625,-0.669426587533
562,-0.319061708663,1.80491301428,-0.960408127089,-1.9556747548
563,-1.44022361123,1.11009252399,0.0150733160982,-1.22203945856
564,-0.302201883493,0.65593587747,-0.639846214382,0.249960075714
565,0.0542199101389,2.18374918755,-0.728625585041,-1.90435279301
566,-0.590813411661,-0.0160245705285,-1.05393731359,-2.51352507174
567,-0.982622929126,3.33855359796,2.07782908092,1.23894375932
568,0.937294397218,-0.732087145664,-0.703842443,-0.381058786465
569,1.67295755785,0.363050393662,1.28326784648,0.356979431624
570,-0.439807951316,1.29989513924,0.0719481494834,1.33761292325
571,0.282006482081,2.46467825299,1.20161625376,1.09762572586
572,-2.67242620331,-0.207167825647,-1.074304905,-0.142130657348
573,-0.630209275299,-2.92292950976,-2.57325251164,-1.00336032337
574,-0.612217560537,-0.394279437625,-1.92278575367,-2.42073778871
575,-0.283651807779,0.902500078934,2.88447359783,0.19656705289
576,1.77641266798,-0.301545854862,0.330767105839,-0.601116267534
577,-0.499449205682,-2.65198508094,0.38487477588,-0.298037892002
578,-1.96960900931,-0.370096985899,0.377614631383,-0.777037928429
579,-1.23692798888,-0.672037699981,1.88018023325,0.31618979027
580,-1.91838002612,-0.124189729641,0.630233571219,0.358493364651
581,-0.994726462945,1.34828014979,0.00741027450539,-1.15352812559
582,-0.10206136307,0.0594069839838,-1.12393703322,0.879071556311
583,-0.306550873836,-1.55995686217,0.3494748529,-0.389580873034
584,-0.38363908111,-1.60837522278,-0.652583259325,-1.38222640276
585,-1.72740403777,-0.244284020789,-0.429215961398,1.32000988939
586,-1.41686647697,1.35748726738,1.03939218432,-0.800754726704
587,1.13580695517,-1.47917997232,0.233899578957,-1.42418418547
588,2.20919079808,0.863557221581,-0.0860685192729,-1.66077401428
589,1.93352040094,-2.07521558338,1.47040966602,0.856049290468
590,0.320735864751,0.409011205871,2.73369632373,0.0350492929693
591,1.54519539824,0.84070932387,0.309386718633,2.51109953796
592,2.83909431244,-0.797725140518,0.874331149574,0.184554148939
593,2.49139231799,-1.04299019541,2.78261003568,-0.466009427802
594,0.705760402522,-2.44823766889,-0.0154612129207,-1.15263808695
595,-1.90738090974,0.663937818878,-2.6021938245,-0.577941056746
596,1.14942381403,-2.32664857936,-0.646531297034,-2.4398695742
597,-1.25650540866,0.0625562166028,0.944050232,1.95308582499
598,2.03242239444,0.302409994365,0.333574649461,0.797650126823
599,-2.35882676939,0.0540825055716,-0.729531339914,0.259899747763
600,-0.668519151241,-2.78217188838,0.36451883911,1.55259007089
601,1.46550300313,0.116592235443,1.05486962006,1.94612056023
602,0.496599119908,0.644080018967,0.0214700069289,-1.73564494604
603,-1.03941555333,1.36113312922,1.35097905609,-0.919344996445
604,2.23421009172,0.711616269172,-0.759396555167,-0.658301846853
605,1.63475498062,-2.02461459864,0.373721916072,-2.86331751965
606,2.56836386917,-1.73829445103,1.01449303078,1.01304437187
607,-1.99712776718,-1.2548511144,-2.32383965449,-0.241960262329
608,-0.205474683777,-1.05476681725,1.20845566026,-0.0591186520546
609,-0.585462262777,0.298699023365,1.56740800626,1.04389293061
610,1.26051367079,-2.02520227795,-1.03439749783,-0.775793015072
611,-1.38868234104,0.387580478055,1.208574484,2.82883682927
612,1.28773072202,-1.02234634027,-1.23398080169,0.877940212366
613,0.555251171839,0.647951349006,-0.609367551197,1.00977673241
614,2.41746982352,-1.89213146201,-1.75465405498,-0.595044840802
615,-0.0876179282386,0.585757943002,2.5402213138,-0.522567913459
616,0.116713041785,2.82055659234,-0.0738320980296,-1.53856942921
617,-1.67732143283,-0.165174218762,2.81154619065,-0.513653107973
618,-0.96364363239,1.07333794458,-0.210388514135,-0.692134626023
619,-1.16926552169,-0.689072231479,1.45276528024,-1.6652669178
620,2.52849906424,0.448411180381,-1.31331982212,-0.148863607896
621,-0.738950384963,0.281405564449,-0.131214390121,-0.553286497425
622,-0.988341430612,0.267356485597,0.556202719414,0.564581062895
623,-0.846076782232,1.46861740264,-1.38295762378,0.435257278325
624,3.13579539955,4.02721638954,-2.25960604298,0.185683076021
625,-2.77707724346,1.41163410242,-0.233045127604,-1.72085125615
626,0.115002043672,2.92849393222,1.04759500709,2.08400937187
627,0.553680764162,-0.545156281496,0.023885697741,-1.22046844436
628,-0.149103718155,1.66902910546,1.99897921372,1.39104059711
629,-0.670449138225,0.688950118844,3.72030805877,0.232081694012
630,-0.654539817219,0.599692051031,-0.727071176448,1.19969489197
631,1.12485902527,-2.19251786373,0.0350590708553,1.73727250332
632,-4.28740049771,-0.0231314062246,-1.31809701176,-1.56602495453
633,0.155315754567,0.222437948756,0.454419861341,1.78311679745
634,1.35402768461,0.447056552399,0.653090271694,1.01755627379
635,-2.89158757319,-0.476058952409,0.0679262492525,1.32809968873
636,1.20152946124,0.0824121323748,1.16715331833,1.30171594011
637,0.164919683379,-0.51837283411,-1.71348842546,-0.336042049234
638,0.0550407347414,-2.60818379282,-0.269356727606,0.961919810903
639,0.482754740967,-0.301945350844,-0.178097126255,-0.387136578234
640,-1.51194196858,-0.320404927799,0.682327453738,-1.41192634288
641,0.980283744762,1.76297197428,0.0600968271752,-1.39044949637
642,2.65803267774,-1.57486516855,-1.43418857682,0.311100944644
643,-0.226486601064,-1.59531552161,1.5678933902,1.5237061799
644,0.265496587096,-2.7286751178,-0.534569799173,-0.840246973094
645,-0.493981374657,-0.228876826142,1.56907413528,1.82082327905
646,-0.281316835822,0.357705190529,-0.228868719558,-0.14872835841
647,0.20785883354,1.22940384918,1.42875742785,0.645227652266
648,-0.62114389902,0.867490847835,-0.277651781338,0.452320873118
649,1.45413023111,-1.9581106894,2.14214237476,0.0591172530698
650,-0.0667670524143,0.404981350944,2.51413752764,0.312024800776
651,0.662186010351,0.553458491545,-0.0391649306458,-1.22883013891
652,-0.767380354616,0.327773479659,-1.31799964855,0.133051909637
653,-2.68906157879,0.903680279282,1.60571622347,-2.23027934022
654,4.32728088126,1.41257797062,-0.431224102455,-1.55392178223
655,0.150789267436,0.661818037794,1.68181180341,-0.315656456726
656,-3.02202433899,0.598621532902,-0.346457244037,-1.77753204847
657,0.45506663797,-2.66415029633,1.31174736298,-1.7620399975
658,0.338205060068,0.590855270065,2.4329821091,-0.482978435036
659,1.87206598725,-0.655672135353,-0.488616747919,1.95353335198
660,-1.29353239532,-1.91942413172,-2.43009019925,-0.306233192533
661,0.866879996621,0.541140005916,-0.228009459638,0.678738969608
662,-1.93661828022,-0.717587168706,0.0334285681035,0.0223687728521
663,-0.636201140119,2.89198039702,0.343970424995,1.51654158571
664,-3.60170061737,0.377702853422,-1.10012253173,-0.385930111301
665,-0.211210392234,-0.525122611758,0.182636956648,-0.256030882021
666,0.352901501596,-1.72598613841,-1.21366031941,-0.455914644976
667,-1.0144676756,0.531638679703,-0.925094305065,1.70475490218
668,0.289542934811,3.13834096856,-0.446132496959,-1.79974168139
669,-2.91501079062,-0.912347176659,-3.05048791352,-1.51728626987
670,1.44818593208,2.7272694427,0.284515333896,-0.0893747036639
671,-0.510184070693,-0.00297346571529,0.120442503581,2.1146529214
672,-0.870769716808,0.397820104488,-1.3909249435,-1.70195282425
673,-1.22994392169,-1.25562237724,0.163475413475,0.920779379704
674,-3.32090796322,-0.535148035742,1.3181624391,0.738802287506
675,0.950845863921,-1.09444466986,3.08267309092,0.272964708617
676,-0.782755522997,0.933919092274,-1.56260632122,-0.769961061021
677,-3.20083616965,-0.472019099901,-0.0266162863468,-2.3506730397
678,-1.08390386019,-1.46198721605,1.15014561294,0.438605549644
679,-1.54012148034,0.267705712407,0.583842791881,1.29993323629
680,1.4534195792,-0.1352421935,0.572401910419,1.98398815995
681,-0.626033055643,0.888481010108,-0.645152698685,0.167252109606
682,-0.991767711121,0.659652295495,-1.12223262938,-0.952776204062
683,0.398429333193,1.00651775564,1.64457566405,0.811837475865
684,-0.472065438465,-0.250661179009,0.76898481896,-1.85776327697
685,0.0560583889499,1.96112671944,0.109729989346,-0.671257437892
686,-0.189496124481,0.815384836571,1.59885056092,0.0802677155046
687,-1.77576915699,-0.911180430973,0.475413875076,2.11264634961
688,2.29394761779,-1.58353492396,-0.770193241966,-0.630119978769
689,0.876216083428,-2.83707370184,1.52807456083,-1.00211160913
690,0.220353358475,0.721536889419,-1.40885090716,0.97062787548
691,0.297596207316,1.52745595216,-0.330251409509,1.62771535199
692,2.54422297269,-0.919153468839,-0.317097746545,-2.49042118248
693,0.604211837368,1.66160489383,1.10384907611,0.059591176751
694,0.934662957232,-0.0309222350758,-0.904830270694,0.0310677477582
695,0.0614259789049,0.46151567997,-1.34238605596,-0.764696647789
696,3.4362083296,0.793479865148,-2.45686656267,-1.46093744776
697,0.531036024505,1.38545141868,1.19644495692,-0.0286105490575
698,2.17261900838,-1.52774403318,-2.32998938243,-0.307133483642
699,1.43442073315,-1.82353541018,-2.35399682636,0.238807309602
700,-0.195548774448,1.50835338,0.130790337026,-0.99819999109
701,3.09316627889,-0.337879581016,1.61562005689,1.78240422415
702,0.662800945681,2.77063523421,-0.431519230336,0.0179180334546
703,-1.87880314491,-0.125298209636,0.0371709208392,-1.93612620115
704,1.64769136394,1.09835327486,-0.472038345585,1.01967047255
705,0.596102266923,0.290628082305,-0.940044221322,-1.06144489155
706,2.39654290388,0.709110078002,-2.16766332753,-0.983015416324
707,0.739360718566,2.81288791162,1.6720908784,1.28028771325
708,0.113077922072,-0.753760479695,-2.37758861282,-1.07578346324
709,2.7728282415,-1.43601518467,0.380594233729,-2.30488923737
710,-0.376857763166,0.512545081393,0.0258418363692,-0.906203372417
711,1.21692380515,0.795653205569,-0.0125247474226,-1.54227211021
712,-1.52572234388,0.162399040676,2.17808202208,0.640925380788
713,-0.389885298124,-1.36701829843,-0.48683476636,1.37974046716
714,-0.706141538283,-0.991747843949,-0.971795751306,-2.01919858748
715,0.706116064409,1.3494135259,2.4742188847,0.0409468437444
716,0.946461846472,3.07552066295,-1.92140681775,-0.078562664358
717,-0.368193647718,0.0253972448297,0.0480780932776,-1.82697685242
718,-2.68118684679,-0.135590766494,-2.21494101726,-0.56190894994
719,1.34872211694,-0.258362685672,1.9738796271,-0.652520534095
720,0.297888250169,-0.125822695242,-0.352522366608,0.202702233115
721,1.09039767775,-2.80211346633,-2.11985307606,-1.49667910479
722,-3.87354715263,0.100044736785,0.496572341995,0.812781967225
723,-1.48723802192,0.395050986206,1.22394492917,0.909120537188
724,-0.299766479819,2.0169699489,-1.73015336978,0.863680186679
725,-0.163611827007,0.9703412294,-1.75939305415,-1.85619282735
726,0.224627276298,0.761342809606,-0.547440113199,-1.15495166769
727,-0.332262607852,-2.76101772537,-0.282501462142,-1.65332628707
728,0.29542904296,1.7693986788,-1.11341596016,0.553544027854
729,-3.04549625392,0.25186938878,0.695618671123,0.623266764782
730,-1.38350835623,0.652436046481,-2.10334987162,-0.967741022009
731,2.36388532247,0.654156569758,0.210036877093,0.609994051052
732,-1.05478837357,1.1471109345,1.86267677669,-0.502526020246
733,-1.40657895797,-0.906800720042,1.23975933602,-0.528804044537
734,-2.0608852474,0.139289257128,-0.688760632329,1.69818535197
735,1.18237735023,2.14238582966,-1.26265233539,-2.7382154344
736,1.83182168921,3.38351928208,1.75031241518,0.988013427346
737,-0.656054152177,1.69351600912,-0.161260004832,-2.07977336031
738,0.924968608343,0.691545101358,-0.44644117823,1.08817784559
739,-1.35826270775,0.0539990747499,1.63030640577,1.138401493
740,1.79756678497,2.16014714176,-1.21253238506,0.394730754648
741,-1.22675528089,0.196381137887,-0.247621595427,-1.03648337707
742,-0.696595038012,2.48307564254,-0.542694492493,2.13305688796
743,1.3923178104,1.89015553196,0.904290399852,-1.47548760244
744,2.3173044049,-1.95826305059,-1.58351942078,-1.49685545181
745,2.17312191442,-1.64018784011,0.642868848042,-0.0514889217706
746,2.46228142353,1.55138775646,0.516405957052,-0.56999615762
747,-0.0457437562818,0.463153896236,-0.956231015818,-1.93443833708
748,-2.12352587078,0.313125232799,-0.101390857739,2.15957684662
749,1.12007778428,2.94768806051,1.51352011995,0.631601196093
750,0.639276658902,1.99881378539,2.49654477943,-0.216049397409
751,2.0924899254,0.256833445863,-0.495094754787,-2.72008028297
752,-1.5233999239,1.14703992086,-1.94456790285,-0.000757685781077
753,1.06322426611,1.87794865772,1.81499276486,0.020952312514
754,-0.0591293543923,0.969504240557,-1.2770092843,0.083802511728
755,1.87291765739,-1.5676693784,1.23297694273,1.5257139289
756,0.917406414379,0.4068529335,-0.670388744016,0.894747410891
757,-0.148077692476,1.02267133948,-0.767968082239,0.0470102024793
758,0.430772375584,1.91778432398,2.58015773973,0.871944886484
759,-0.180166787534,0.0608103216222,-1.9211142139,-0.00431506540937
760,-0.89902807457,0.0457921335186,0.119143456334,0.647753805361
761,-0.918853120226,-2.2502895372,-1.6138898753,-1.24133572283
762,-0.208382601437,0.578937584845,-1.50754196634,-0.60797189815
763,1.30058415936,0.233846354659,1.44727356673,0.09214920636
764,0.285571599545,2.25110655805,-1.45147371044,-1.33439931512
765,-2.35339669774,0.144665224019,-1.28414642254,-0.0751856234811
766,-1.21856431931,0.523103617015,0.0108565557506,-1.48667180608
767,-0.0897450874019,1.50269532778,-1.83735914804,-0.51711257327
768,0.930115705523,-1.65247977913,-0.923282768307,-0.905869639303
769,0.00230911403887,-1.60048695402,1.46367133859,2.21067613032
770,0.203952741587,1.31608008177,-1.91531130037,-1.37309590861
771,-1.0554951618,0.681387577614,1.64143103625,0.592276656483
772,1.53344441619,0.53075019445,-0.767579054378,-2.61943484938
773,2.18074614634,1.93864952683,-0.627292425481,0.303628156838
774,0.785804135542,1.95033377346,0.932863745035,1.72300581155
775,0.0419102689381,0.0256681947794,-0.3962896015,1.34202336343
776,0.23892929291,0.487260342546,-1.64698199058,-0.672753776298
777,-1.9894376216,-0.026972894919,-0.44628408593,1.52952820676
778,-1.55075427027,0.0908177521166,0.839576475282,1.3108235517
779,-3.18181324904,-0.417279741302,2.18113208769,0.0693856975007
780,1.93309766373,-0.211367043781,-2.31277852974,-0.573666291707
781,-0.994526279678,0.599319045829,-0.0994196209573,0.0785555643577
782,-1.85925257507,0.763011985839,-0.719243538159,-0.450302279417
783,-1.24410600476,0.684846788707,-0.12922042126,0.673693908109
784,1.39537290708,-0.0731816953428,-1.13550801805,-0.549466180081
785,-1.09376777565,1.11317311023,1.30633706656,0.0205943368416
786,-1.55855754977,0.280124074906,-0.599955563904,-2.56713599672
787,1.96963178717,-2.21384782004,2.19507958493,0.791809838093
788,0.833225917419,0.85942033751,-1.03139646363,1.73643763365
789,0.733832366534,0.147776501108,0.438678732262,2.13327924367
790,-1.03516219886,0.859658510596,-1.57061110147,-0.0413398118653
791,0.486155956543,-3.21610960005,1.45513625967,1.90014266807
792,0.347463197828,-0.237524947135,1.06218002174,-1.47857852231
793,-1.21638692244,0.376381088107,-0.476903437812,2.2406148145
794,1.87320825644,-1.80128620487,1.94848030218,0.238167804823
795,-1.97615220237,-0.0321878613827,0.524657337044,0.459243874488
796,0.04411377847,1.30081776029,0.272479640656,-0.320112140884
797,0.606382659541,-2.91708306553,0.364394129447,-0.441158820769
798,-0.00271628723068,1.58194587454,0.429830553465,1.96447112251
799,0.883665185175,-1.98547868103,-0.713541397364,0.567299190829
800,1.042720673,0.425531088988,-0.663750470292,-2.62372711815
801,-2.05954895931,0.295670820022,-1.04348326877,1.81214427036
802,0.691899194717,-1.35024810973,1.84286696162,0.783610673602
803,-0.580651299612,-0.0344187012581,-1.49016215605,0.397672469388
804,1.91139166727,0.491534643135,-0.405500335278,1.65934243715
805,0.815257275414,0.730851902121,-0.15326882465,-0.920291631244
806,1.14959873978,0.170545570713,2.01770602088,-0.0469731149123
807,-0.277059155287,0.842515671083,-1.45495009681,-1.3193219001
808,-0.109495240759,-2.28442634052,1.38040339481,0.955574399019
809,2.68816969529,-1.58524052034,0.419168244079,-1.06201033777
810,-0.902553239333,0.834227888599,-1.37303147999,-0.743073455516
811,1.0077600419,-0.246243966217,1.77102909994,-0.819910764912
812,0.27015643063,0.29765643746,0.958375209866,-0.588833831905
813,-0.111483130299,-2.91188348857,0.859693126967,-1.05311817746
814,1.92734676712,-1.86027786622,0.298042771219,1.30090163445
815,0.693329950431,0.94025493047,0.38007868898,-0.642045104171
816,-0.226019778197,1.93895383259,0.0619359616272,-1.95217865378
817,-0.298613940472,0.646769091911,2.29165991206,-0.0651235489046
818,-3.58717444748,-0.148477651624,-0.455224411745,1.02747099222
819,-1.51845186159,-0.298175599839,-1.43935663213,-1.73191328386
820,-3.30782117545,-0.916374675668,-1.15597181387,-0.191011322965
821,-0.726148073763,0.355277519285,1.42683698254,1.61713281562
822,-0.878076381529,-1.44399782748,-0.797813670434,-2.8683537255
823,-1.78211626635,-2.12031030642,0.432747981748,1.90535653122
824,2.48800915661,-0.565325981933,0.84335857637,-0.205401174106
825,0.95006370665,-0.140196906672,-1.06298110372,-0.806361948933
826,0.00255877198995,-1.7378983121,-0.380685955082,2.40929287665
827,2.77962955188,-1.41068157353,-0.416382666509,-0.820827186067
828,-0.931042446452,-1.04561107328,-0.331398964292,0.103031297131
829,-1.12031583919,1.0245441389,1.03202972432,1.04311589227
830,0.719238743374,0.615215580986,1.91450730763,1.16540191241
831,-2.12981780112,-0.0214721256653,0.611539601537,2.43406260457
832,1.23379302507,-2.12081145258,0.33377899991,1.48670196726
833,-0.919918097205,0.182048288398,1.18367386623,0.41079853998
834,-0.806619628645,-0.516673826264,1.43156361399,1.01306844353
835,0.348047345579,1.54527293049,1.48979155685,2.9829176972
836,1.71207655065,-1.89444140429,-1.51026133967,0.254760744793
837,-1.86573623011,1.22294216908,-0.881377206773,1.15857733796
838,-2.8489417879,0.0045379558307,0.303762328471,-0.491242784754
839,0.16301974083,-2.42224506841,-1.7166704001,-0.546615963072
840,2.49865655103,-1.47957456861,0.147178827462,0.510404181869
841,0.116547590667,-2.29101890862,-1.06291440736,-2.39194594381
842,0.206140734561,1.3914298011,0.833417626624,2.17942324936
843,-1.57574079445,0.451060791177,-1.78500022725,-0.285043841719
844,0.785445668558,-2.81427928372,-1.22207256479,0.672428502191
845,0.47033676699,-1.36485734468,-1.6893297604,1.38301186278
846,-0.326337621186,-2.65413229206,1.40557859561,1.40051448682
847,-0.694080909456,1.39354460781,2.20629053377,0.720676012225
848,0.264350875905,-0.170827298908,-0.603008368859,-2.40863305205
849,2.6192953169,-1.6017082636,-0.112586015842,0.708739082183
850,-0.0483323935696,2.38606950117,-0.470209722766,1.75032728735
851,0.613955597508,-0.744436236034,0.942334967563,0.228843805139
852,0.561759754763,0.517436821961,2.92627593598,0.687508003341
853,-1.59815568249,-0.861041977677,-0.954438603644,-2.10603200107
854,-0.703693421181,-2.93518898205,0.0173745041607,-1.4021681851
855,-0.236310444015,-0.560725872773,-0.540197760558,-0.367361085186
856,-1.91487485331,-1.29461581864,-0.812049369291,-0.846652100515
857,-2.49812866591,-1.63423316834,0.189673078589,-0.393536046753
858,1.04524099544,1.44671606445,-1.08347073231,0.0268042346223
859,0.555178502813,2.12496120928,-0.358345609286,-1.25387770343
860,0.711920765193,0.318621967424,-0.76283266041,-0.774482525905
861,0.3358816097,-3.17156018207,-1.7141299083,-1.92614300936
862,-1.31898669667,-0.410595936118,-0.969438825259,1.58818033245
863,2.63877959461,-0.49411671059,-0.554219358148,2.08797898678
864,0.635755479481,1.86493277291,1.27151473991,1.54654953591
865,-0.380261476099,0.644345680368,1.83627879287,-0.886726327537
866,-3.52690834903,1.20146285469,-2.18940415495,-0.533775468052
867,-2.07232937286,0.456310070585,0.523771463062,-0.597841567114
868,0.939274789933,1.31293988316,-0.0413393893073,1.79874290885
869,0.310108197641,0.942825603433,-1.0988049047,-2.6422541507
870,-2.37262957999,-0.340660254143,-0.819545358322,-0.336238191222
871,0.703902256644,-1.10643484287,2.19521842148,0.0336098491702
872,-1.82916540224,1.63904489724,1.26926850947,0.949998759569
873,0.593995223667,-0.054409250368,1.23537386957,1.47403454302
874,-0.385859185005,-0.888727561031,-1.73582087989,-1.54057217197
875,-1.61136273924,-0.126042620031,-0.325810368044,-0.974549388232
876,0.719131769722,-0.184726845673,-0.824093956989,-0.430168480312
877,-0.559531500263,-0.453941641059,-0.00872471420951,1.89581211943
878,0.656723249651,-2.84397884912,0.43799122805,-2.08533667445
879,0.146942252834,0.359965280794,1.1555746067,2.43065417999
880,-3.0292644949,-0.000471661952322,1.03565981481,0.276286830715
881,-0.0420710210369,-2.38701604036,1.33995507505,0.941866805566
882,0.515224975939,-1.16722303927,-1.35109735111,-1.10682273721
883,-0.128156570704,-0.101832244232,0.0446495256188,1.45957795831
884,0.0517072329439,0.955395219939,-1.47880383269,0.0508962498412
885,1.51687008834,1.77305962425,-1.19720041055,0.0884773560094
886,-1.50305349006,2.14945374687,-0.992111671552,-0.431602903128
887,2.43959941152,0.740905896863,-1.90046438392,-0.499514330778
888,-0.948486340154,-0.757041949736,-0.00499223744399,0.459124041736
889,0.0950300532025,1.24488251931,2.73116886191,-0.660971958178
890,-0.331604377543,-0.0953122910658,-0.929885634551,0.500288203069
891,-2.71144761203,-0.724855849742,-0.89917169724,-0.456420676401
892,0.886259615386,1.43158965408,2.61395334783,-0.107603415329
893,0.437655890715,0.418607284509,-0.00983022849656,1.57216353935
894,-2.37835681567,-0.374894939815,-1.54644626139,0.189910154696
895,2.00685302167,4.26597958369,0.0374733386326,-1.89174613295
896,-0.345814909782,-0.679166922971,-0.045706966437,2.16342585925
897,-0.0955520250507,1.33342058154,0.405915686517,1.42920566867
898,2.28531690868,-1.03929108534,1.95936665852,1.30641356798
899,-1.88176635857,0.325724162846,2.76059303647,-0.402491359239
900,1.00721427714,1.99061881946,-2.29482190006,-0.0328453314091
901,-0.479887890579,-2.86076099358,-2.30313380103,-1.88657258009
902,2.65537896433,-1.36362571291,-1.73373105725,0.282910903466
903,-0.0427708725223,-0.0316681898592,-0.115166743717,1.13692932208
904,1.4278476028,0.0106422498472,2.10902402019,0.681426983027
905,2.14724117103,0.15375126127,0.719763184584,-0.917244115172
906,2.23215077931,-0.245372044145,-1.18015908365,0.290115896875
907,-0.86954533201,0.860264357069,2.14321158936,0.175852128403
908,-1.88769754184,0.872402600947,0.228808219478,1.68978942392
909,-0.498435443883,-1.2248273125,-1.49986201358,-2.04954511565
910,-0.0251501017562,0.908883481985,-0.480602260625,-1.30621901889
911,2.36886161413,2.21457858322,1.38528611464,-1.37449779136
912,-1.10151945971,-0.250222276688,-0.181643340701,1.06703969546
913,2.5451678331,-1.89616070911,1.36671728184,-0.517630940014
914,0.482894689065,0.0318745854734,0.995726742515,0.383271832785
915,0.78101599271,-2.67821385735,0.196017270742,2.00465252924
916,0.37824308647,-0.400925301392,-1.40699867471,0.421222729146
917,-1.58705937448,0.287018311241,-0.0762228229007,-1.28811528404
918,-1.65060381602,-0.186653942777,0.778772925254,-0.288537996699
919,3.13835456299,1.85153966391,0.505492343891,-1.65017785156
920,1.58717837963,0.0550900258888,-1.32463520149,-0.368137625245
921,0.34277899516,0.365119862395,-2.14846219078,0.141257613404
922,2.74450816949,-1.50732796796,-1.6769299845,-0.293828401427
923,-0.936104864997,1.16586254658,0.19571405599,2.04105030855
924,-2.30920592201,0.00146337646815,-1.93091025142,-0.457116848039
925,-0.0181583421299,0.182794795562,0.523642481582,0.5412273148
926,-1.40108853006,0.904340306702,-0.446938463982,0.462070926014
927,0.102839907744,-3.18818393115,-1.0301482697,-2.01652657171
928,-2.30607798565,0.359422780345,0.406077997719,-1.90201660955
929,-1.65344817304,0.0840309990364,-0.301489737741,1.56186991684
930,-1.15684447187,-0.169575183813,-1.35352751387,-0.530886899166
931,1.65428775359,0.453013619571,1.54317694532,0.786304841372
932,-0.570667973914,-3.06023161103,0.25887281022,2.36152132318
933,-0.232803559796,0.479766072232,0.840018670228,0.591465674751
934,-1.59500708779,0.48778588493,0.574117996382,-0.0668929605171
935,2.15187818721,0.0507805866061,0.38582291466,0.866575833047
936,-1.96880844549,0.679078184398,0.714673841593,1.88196610001
937,0.331727260368,0.684160975925,-1.6636154876,-0.549915923006
938,-1.42569745328,0.29052085777,2.9629927564,0.084348706661
939,1.47030515819,-2.06668318505,0.344602508264,1.44695174979
940,-1.25520318811,-0.123492682559,0.167871379717,-2.36105131675
941,0.97839902786,0.842204194888,-1.0373915329,0.729593755535
942,0.388396537953,2.76511745906,-0.734552826085,-2.22984116492
943,-1.67450885635,0.231877105439,-0.0158267355084,-1.79845202962
944,-0.152243978025,0.758836468125,-1.08877792818,-0.941866322544
945,2.2551459631,0.684677289464,-0.536792867401,1.7486485035
946,-0.353402649587,0.137353540409,0.866191598993,-0.315080172739
947,1.30513855841,-2.32146793239,1.44129882226,0.393845680214
948,-1.15813658242,0.539091122781,-2.7649287725,-1.01438034916
949,-1.35846672344,-2.1134445863,-1.7229281069,-0.842037326509
950,1.58188964524,1.82814741616,1.23673275111,0.121607254528
951,0.98296735398,-0.340077908498,-1.01866354753,-1.38598814124
952,1.63363923491,-1.56750628761,-2.21073009173,-1.78750719399
953,-2.58681410208,-1.23849042698,0.259836300544,1.32543833705
954,0.461592157259,-0.664280086222,-0.426642905624,1.72678856347
955,-0.196960197013,1.05248814244,-1.8036818223,-0.262109630785
956,-2.07078550681,2.05283595405,-1.70045370241,-1.1185484872
957,0.586385628386,0.810376550707,0.0512998038148,-1.59709338114
958,-1.24477799877,-1.38323451406,1.73637517834,0.443034839394
959,-0.257817493694,-1.39309763817,-0.119356237335,0.165948775249
960,0.47094355724,-0.0689772012202,0.0486682459915,1.85013363733
961,0.486518652179,-2.12289826543,-1.33505337283,-0.586319783712
962,0.482080751746,0.193863512374,2.77633016138,0.657476850443
963,1.24116099172,0.609402356017,0.145240896538,1.12821141194
964,-0.373123207733,-3.02706335827,1.1608711464,-1.38760218512
965,2.3501115696,3.06260105175,-0.0818006845656,-0.0830862055176
966,0.466267968854,-1.37715327119,1.61527128956,0.134031533112
967,0.412960237516,1.12629059978,-0.57503553685,-0.713337217537
968,2.09096657538,3.32208489449,0.0264772000485,-1.85979991135
969,0.418483620552,0.0898294294221,-1.19567845899,-1.72086344982
970,-1.45577566705,1.50945830508,-0.257960834591,-0.304482694775
971,-0.594704892023,0.467721840855,-1.75547643596,0.829773071444
972,-2.6869086185,-0.00329735170261,-1.40807747121,-1.05309672445
973,-1.35014547115,0.891285737694,1.27910586153,-0.595663535684
974,0.651677595596,1.39551113777,,
